國土利用現況調查成果圖-總覽,LUIMAP00
國土利用現況調查-農業利用土地,LUIMAP01
國土利用現況調查-森林利用土地,LUIMAP02
國土利用現況調查-交通利用土地,LUIMAP03
國土利用現況調查-水利利用土地,LUIMAP04
國土利用現況調查-建築利用土地,LUIMAP05
國土利用現況調查-公共利用土地,LUIMAP06
國土利用現況調查-遊憩利用土地,LUIMAP07
國土利用現況調查-礦鹽利用土地,LUIMAP08
國土利用現況調查-其他利用土地,LUIMAP09
國土利用現況調查成果圖82年,LUIMAP82
國土利用現況調查成果圖95-97年,LUIMAP95
國土利用現況調查成果圖98年更新區,LUIMAP98
國土利用現況調查成果圖99年更新區,LUIMAP99
國土利用現況調查成果圖100年更新區,LUIMAP100
國土利用現況調查成果圖101年更新區,LUIMAP101
國土利用現況調查成果圖102年更新區,LUIMAP102
國土利用現況調查成果圖103年更新區,LUIMAP103
國土利用現況調查成果圖104年更新區,LUIMAP104
國土利用現況調查成果圖105年更新區,LUIMAP105
國土利用現況調查成果圖106年更新區,LUIMAP106
國土利用現況調查成果圖107年更新區,LUIMAP107
國土利用現況調查成果圖108年更新區,LUIMAP108
國土利用現況調查成果圖109年更新區,LUIMAP109
國土利用現況調查成果圖110年更新區,LUIMAP110
國土利用現況調查成果圖111年更新區,LUIMAP111
